number of cutters,minimum number of suitable cutters,runs,time,mean discounted reward,lower discounted reward,upper discounted reward,mean num actions,lower num actions,upper num actions,cut %,exact num of suitable cutters %
3,2,500,1000,4.54153368,3.9085310405129174,5.174536319487082,1.364,1.3111003966898056,1.4168996033101946,0.842,0.974
5,2,500,1000,0.657133224,-0.14451959689195626,1.4587860448919563,2.154,2.0549553701549597,2.25304462984504,0.742,0.94
7,2,500,1000,-6.069363126,-7.0517562866160866,-5.086969965383913,4.218,3.975505899471135,4.460494100528865,0.618,0.904
9,2,500,1000,-15.936248211999999,-17.19442579974446,-14.678070624255538,8.55,8.11390906158558,8.98609093841442,0.548,0.864
11,2,500,1000,-22.76772212,-24.019217828055442,-21.516226411944555,11.556,11.025199136215512,12.086800863784486,0.474,0.826
