number of cutters,minimum number of suitable cutters,runs,time,mean discounted reward,lower discounted reward,upper discounted reward,mean num actions,lower num actions,upper num actions,cut %,exact num of suitable cutters %
9,9,500,1000,8.5096908,8.380726855727431,8.638654744272568,1.12,1.0884135863165398,1.1515864136834604,1.0,1.0
9,7,500,1000,6.34578496,5.81897690366515,6.872593016334849,1.2,1.158104706069254,1.241895293930746,0.908,0.968
9,5,500,1000,2.160359912,1.3935196702968833,2.927200153703117,1.778,1.6930816029963474,1.8629183970036527,0.772,0.906
9,3,500,1000,-4.909425534,-5.8740593911756065,-3.9447916768243942,3.692,3.4764176022531137,3.9075823977468866,0.63,0.852
9,1,500,1000,-51.489298479999995,-53.4405087105251,-49.53808824947489,28.03,26.8500184830846,29.209981516915402,0.326,0.852
